{
  "method": "Baseline",
  "timestamp": "20250731_143327",
  "total_tuning_time": 0,
  "total_trials": 0,
  "avg_time_per_trial": 0,
  "evaluation_time": 18.344600915908813,
  "best_accuracy": 0.9611111283302307,
  "best_precision": 0.9741666666666667,
  "best_recall": 0.961111111111111,
  "best_f1_score": 0.9611904761904762,
  "num_samples": 180,
  "num_classes": 60
}